ゆっくり霊夢,A requester does not need another blank process demo.
ゆっくり霊夢,They need to see whether an idea can become an explainable video.
ゆっくり霊夢,This review sample answers that with fake content only.
ゆっくり霊夢,"One tracked script becomes dialogue, timing notes, and card cues."
ゆっくり霊夢,That makes the handoff repeatable instead of rebuilt from memory.
ゆっくり霊夢,"The useful offer is a reviewable video draft, not public news."
ゆっくり霊夢,"The proof keeps speaker binding, native YMM4 voice, and a 68 second plan."
ゆっくり霊夢,"Cards show point, flow, checks, and status while narration carries meaning."
ゆっくり霊夢,A prior render shows those parts can stay together in YMM4.
ゆっくり霊夢,"Still unproven are source truth, rights clearance, and final narration quality."
ゆっくり霊夢,"Every claim here stays fake, diagnostic, and private."
ゆっくり霊夢,"Next, import this v2 script and judge whether the purpose is clear."
ゆっくり霊夢,"If it works, plan a real packet or RSS dry run with the same proof chain."
